,classifier,classifier__C,classifier__penalty,classifier__solver,Accuracy,Precision,ROC AUC,F1,class_weight,criterion,max_features,n_estimators,n_jobs,Accuracy,Precision,ROC AUC,F1,classifier,classifier__criterion,classifier__min_samples_leaf,classifier__splitter,Accuracy,Precision,ROC AUC,F1
0,"LogisticRegression(class_weight='balanced', max_iter=5000, n_jobs=-1)",1e-08,l1,saga,0.5004,0.1998,0.5,0.2664887702913053,balanced,gini,1.0,1024.0,-1.0,0.9276000000000002,0.9292990162004277,0.9851259516718066,0.9273677115502839,DecisionTreeClassifier(class_weight='balanced'),gini,1.0,best,0.882,0.8777325172305529,0.8820116240464962,0.882465356230696
1,"LogisticRegression(class_weight='balanced', max_iter=5000, n_jobs=-1)",1e-07,l1,saga,0.5,0.1996,0.5,0.26631087391594394,balanced,gini,2.0,1024.0,-1.0,0.9344000000000001,0.9389022577241976,0.9873467593166373,0.9339612969096469,DecisionTreeClassifier(class_weight='balanced'),gini,2.0,best,0.8761999999999999,0.8582296743219772,0.8931984580338319,0.8790430851595866
2,"LogisticRegression(class_weight='balanced', max_iter=5000, n_jobs=-1)",1e-06,l1,saga,0.49960000000000004,0.3994,0.5,0.5327996442072492,balanced,gini,4.0,1024.0,-1.0,0.9389999999999998,0.9387350611798639,0.9878187604910419,0.9389128098962821,DecisionTreeClassifier(class_weight='balanced'),gini,4.0,best,0.8632,0.8504955417490981,0.9131893254101016,0.8654275225393668
3,"LogisticRegression(class_weight='balanced', max_iter=5000, n_jobs=-1)",1e-05,l1,saga,0.5008,0.1,0.5,0.13333333333333333,balanced,gini,6.0,1024.0,-1.0,0.9395999999999999,0.940597840560802,0.9873695588158352,0.9394297853821995,DecisionTreeClassifier(class_weight='balanced'),gini,6.0,best,0.8576,0.8476841226276897,0.9193337439029756,0.8593602899464254
4,"LogisticRegression(class_weight='balanced', max_iter=5000, n_jobs=-1)",0.0001,l1,saga,0.5,0.2996,0.5,0.3996442072492773,balanced,gini,8.0,1024.0,-1.0,0.9362,0.9380728861984299,0.9870307578814316,0.9359652987998086,DecisionTreeClassifier(class_weight='balanced'),gini,8.0,best,0.8528,0.8482537510914202,0.9253061641318565,0.8535059467067125
5,"LogisticRegression(class_weight='balanced', max_iter=5000, n_jobs=-1)",0.001,l1,saga,0.49960000000000004,0.2994,0.5,0.39946631087391593,balanced,gini,12.0,1024.0,-1.0,0.933,0.9348678424873565,0.9856635535982144,0.9327531818002331,DecisionTreeClassifier(class_weight='balanced'),gini,10.0,best,0.8562000000000001,0.851767207356897,0.927878171019884,0.856828878528677
6,"LogisticRegression(class_weight='balanced', max_iter=5000, n_jobs=-1)",0.01,l1,saga,0.702,0.6868332080600335,0.7835468992371969,0.7130613908217509,balanced,gini,16.0,1024.0,-1.0,0.9286000000000001,0.930812083444493,0.9831543448637795,0.9283016912162984,DecisionTreeClassifier(class_weight='balanced'),gini,12.0,best,0.8535999999999999,0.8499986219382544,0.9286897662342648,0.854212546967003
7,"LogisticRegression(class_weight='balanced', max_iter=5000, n_jobs=-1)",0.1,l1,saga,0.7230000000000001,0.7160304772515526,0.8095041817991271,0.7267764941162573,balanced,entropy,1.0,1024.0,-1.0,0.9282,0.9297350225821625,0.9852143528462113,0.9279894784466688,DecisionTreeClassifier(class_weight='balanced'),gini,14.0,best,0.8492000000000001,0.8502635346067142,0.928003368477474,0.8488151227174141
8,"LogisticRegression(class_weight='balanced', max_iter=5000, n_jobs=-1)",1.0,l1,saga,0.7245999999999999,0.7156344061279295,0.810721785725543,0.7296330881219696,balanced,entropy,2.0,1024.0,-1.0,0.9342,0.9367304955009548,0.9874715597070389,0.9339006749988691,DecisionTreeClassifier(class_weight='balanced'),gini,16.0,best,0.8470000000000001,0.8458008080802222,0.9272541640454561,0.8471055575785993
9,"LogisticRegression(class_weight='balanced', max_iter=5000, n_jobs=-1)",10.0,l1,saga,0.7252,0.7161287581760691,0.8107841860135441,0.7302745476581854,balanced,entropy,4.0,1024.0,-1.0,0.9393999999999998,0.9405869758951928,0.9880935614430459,0.9392271721705718,DecisionTreeClassifier(class_weight='balanced'),entropy,1.0,best,0.8844,0.8819729380880219,0.8844012320049279,0.8845785398413893
10,"LogisticRegression(class_weight='balanced', max_iter=5000, n_jobs=-1)",100.0,l1,saga,0.7248,0.7155886613907252,0.810790586023144,0.7299895594139507,balanced,entropy,6.0,1024.0,-1.0,0.9398000000000002,0.939921892921743,0.9879883610782443,0.9396912814287004,DecisionTreeClassifier(class_weight='balanced'),entropy,2.0,best,0.8814,0.8674219901236858,0.8951152661282645,0.8833940022505777
11,"LogisticRegression(class_weight='balanced', max_iter=5000, n_jobs=-1)",1000.0,l1,saga,0.7248,0.7155886613907252,0.8107937860423441,0.7299895594139507,balanced,entropy,8.0,1024.0,-1.0,0.9374,0.9375176880648006,0.9875975594606379,0.9372886338773758,DecisionTreeClassifier(class_weight='balanced'),entropy,4.0,best,0.8712,0.8612631905239919,0.9151393293925174,0.8727349227262486
12,"LogisticRegression(class_weight='balanced', max_iter=5000, n_jobs=-1)",10000.0,l1,saga,0.7248,0.7155886613907252,0.8107993860519442,0.7299895594139507,balanced,entropy,12.0,1024.0,-1.0,0.9357999999999999,0.935606208206746,0.986726356475026,0.935695340303212,DecisionTreeClassifier(class_weight='balanced'),entropy,6.0,best,0.8705999999999999,0.8623658085449559,0.9236873562374249,0.8718600163197714
13,"LogisticRegression(class_weight='balanced', max_iter=5000, n_jobs=-1)",,none,sag,0.7248,0.7155886613907252,0.8107953860423442,0.7299895594139507,balanced,entropy,16.0,1024.0,-1.0,0.9328,0.9334749085722519,0.9851039509214038,0.9326284207285157,DecisionTreeClassifier(class_weight='balanced'),entropy,8.0,best,0.86,0.8537788407258254,0.9278829644438578,0.8608946982989278
14,"LogisticRegression(class_weight='balanced', max_iter=5000, n_jobs=-1)",,none,saga,0.7248,0.7155886613907252,0.8107953860391441,0.7299895594139507,,,,,,,,,,DecisionTreeClassifier(class_weight='balanced'),entropy,10.0,best,0.8533999999999999,0.8494216455395817,0.9258597636870547,0.8537927487810147
15,"LogisticRegression(class_weight='balanced', max_iter=5000, n_jobs=-1)",1e-08,l2,sag,0.5146,0.20759075907590757,0.7599344249120996,0.2722537878787879,,,,,,,,,,DecisionTreeClassifier(class_weight='balanced'),entropy,12.0,best,0.8535999999999999,0.8537546472416269,0.928244172783091,0.8532519981787449
16,"LogisticRegression(class_weight='balanced', max_iter=5000, n_jobs=-1)",1e-08,l2,saga,0.5004000000000001,0.0998,0.7599376249248997,0.13315543695797197,,,,,,,,,,DecisionTreeClassifier(class_weight='balanced'),entropy,14.0,best,0.8522000000000001,0.8564979559502955,0.9282813680998723,0.8511089091482507
17,"LogisticRegression(class_weight='balanced', max_iter=5000, n_jobs=-1)",1e-07,l2,sag,0.5556,0.7529084119248054,0.7599472249664998,0.19488679829631073,,,,,,,,,,DecisionTreeClassifier(class_weight='balanced'),entropy,16.0,best,0.8512000000000001,0.8534761652449022,0.9290801677126709,0.8504878172111594
18,"LogisticRegression(class_weight='balanced', max_iter=5000, n_jobs=-1)",1e-07,l2,saga,0.5468,0.6251213209239584,0.7599384249312997,0.5589174847700621,,,,,,,,,,,,,,,,,
19,"LogisticRegression(class_weight='balanced', max_iter=5000, n_jobs=-1)",1e-06,l2,sag,0.6734,0.6731945250770742,0.7599960251265004,0.6766071012247976,,,,,,,,,,,,,,,,,
20,"LogisticRegression(class_weight='balanced', max_iter=5000, n_jobs=-1)",1e-06,l2,saga,0.6808,0.6672011546110187,0.7599976251297006,0.6927661161841941,,,,,,,,,,,,,,,,,
21,"LogisticRegression(class_weight='balanced', max_iter=5000, n_jobs=-1)",1e-05,l2,sag,0.6766,0.6636508084695879,0.7605696270241081,0.6880433475840236,,,,,,,,,,,,,,,,,
22,"LogisticRegression(class_weight='balanced', max_iter=5000, n_jobs=-1)",1e-05,l2,saga,0.6796,0.6661111147691136,0.760565627001708,0.6916494087552318,,,,,,,,,,,,,,,,,
23,"LogisticRegression(class_weight='balanced', max_iter=5000, n_jobs=-1)",0.0001,l2,sag,0.6792000000000001,0.6647461632195856,0.7656424437025748,0.6920518553259749,,,,,,,,,,,,,,,,,
24,"LogisticRegression(class_weight='balanced', max_iter=5000, n_jobs=-1)",0.0001,l2,saga,0.6794,0.6650328153562916,0.7656536437601751,0.6921853855968843,,,,,,,,,,,,,,,,,
25,"LogisticRegression(class_weight='balanced', max_iter=5000, n_jobs=-1)",0.001,l2,sag,0.6968,0.6869300384991168,0.7852369068740275,0.7040495869266332,,,,,,,,,,,,,,,,,
26,"LogisticRegression(class_weight='balanced', max_iter=5000, n_jobs=-1)",0.001,l2,saga,0.6968,0.6869300384991168,0.7852361068676275,0.7040495869266332,,,,,,,,,,,,,,,,,
27,"LogisticRegression(class_weight='balanced', max_iter=5000, n_jobs=-1)",0.01,l2,sag,0.7173999999999999,0.7111694981326306,0.8055921706534827,0.7209481061272669,,,,,,,,,,,,,,,,,
28,"LogisticRegression(class_weight='balanced', max_iter=5000, n_jobs=-1)",0.01,l2,saga,0.7173999999999999,0.7111694981326306,0.8055897706470825,0.7209481061272669,,,,,,,,,,,,,,,,,
29,"LogisticRegression(class_weight='balanced', max_iter=5000, n_jobs=-1)",0.1,l2,sag,0.7247999999999999,0.7164697964192144,0.8104081847335388,0.7294599748431516,,,,,,,,,,,,,,,,,
30,"LogisticRegression(class_weight='balanced', max_iter=5000, n_jobs=-1)",0.1,l2,saga,0.7247999999999999,0.7164697964192144,0.810404984723939,0.7294599748431516,,,,,,,,,,,,,,,,,
31,"LogisticRegression(class_weight='balanced', max_iter=5000, n_jobs=-1)",1.0,l2,sag,0.7252,0.7158015353232352,0.8107721859623437,0.7304844928869387,,,,,,,,,,,,,,,,,
32,"LogisticRegression(class_weight='balanced', max_iter=5000, n_jobs=-1)",1.0,l2,saga,0.7252,0.7158015353232352,0.8107649859367438,0.7304844928869387,,,,,,,,,,,,,,,,,
33,"LogisticRegression(class_weight='balanced', max_iter=5000, n_jobs=-1)",10.0,l2,sag,0.7248,0.7155886613907252,0.8107865860231442,0.7299895594139507,,,,,,,,,,,,,,,,,
34,"LogisticRegression(class_weight='balanced', max_iter=5000, n_jobs=-1)",10.0,l2,saga,0.7248,0.7155886613907252,0.8107905860391442,0.7299895594139507,,,,,,,,,,,,,,,,,
35,"LogisticRegression(class_weight='balanced', max_iter=5000, n_jobs=-1)",100.0,l2,sag,0.7248,0.7155886613907252,0.8107921860231441,0.7299895594139507,,,,,,,,,,,,,,,,,
36,"LogisticRegression(class_weight='balanced', max_iter=5000, n_jobs=-1)",100.0,l2,saga,0.7248,0.7155886613907252,0.8108001860551441,0.7299895594139507,,,,,,,,,,,,,,,,,
37,"LogisticRegression(class_weight='balanced', max_iter=5000, n_jobs=-1)",1000.0,l2,sag,0.7248,0.7155886613907252,0.810792186023144,0.7299895594139507,,,,,,,,,,,,,,,,,
38,"LogisticRegression(class_weight='balanced', max_iter=5000, n_jobs=-1)",1000.0,l2,saga,0.7248,0.7155886613907252,0.8108017860615442,0.7299895594139507,,,,,,,,,,,,,,,,,
39,"LogisticRegression(class_weight='balanced', max_iter=5000, n_jobs=-1)",10000.0,l2,sag,0.7248,0.7155886613907252,0.8107945860295441,0.7299895594139507,,,,,,,,,,,,,,,,,
40,"LogisticRegression(class_weight='balanced', max_iter=5000, n_jobs=-1)",10000.0,l2,saga,0.7248,0.7155886613907252,0.8107969860359441,0.7299895594139507,,,,,,,,,,,,,,,,,
0,"LogisticRegression(class_weight='balanced', max_iter=5000, n_jobs=-1)",1e-08,l1,saga,0.4984,0.29500000000000004,0.5,0.39553064589503056,balanced,gini,1.0,1024.0,-1.0,0.9334000000000001,0.9437089423213656,0.9872732083884763,0.9313874029924885,DecisionTreeClassifier(class_weight='balanced'),gini,1.0,best,0.8794000000000001,0.8762025479720744,0.8794174038974634,0.877629608795137
1,"LogisticRegression(class_weight='balanced', max_iter=5000, n_jobs=-1)",1e-07,l1,saga,0.4984,0.29500000000000004,0.5,0.39553064589503056,balanced,gini,2.0,1024.0,-1.0,0.9358000000000001,0.9456931132921911,0.9889296688749649,0.9339095883952331,DecisionTreeClassifier(class_weight='balanced'),gini,2.0,best,0.8761999999999999,0.8600622497496009,0.8979589611987873,0.876584637230445
2,"LogisticRegression(class_weight='balanced', max_iter=5000, n_jobs=-1)",1e-06,l1,saga,0.4984,0.29500000000000004,0.5,0.39553064589503056,balanced,gini,4.0,1024.0,-1.0,0.9412,0.9470329837112974,0.9890464881420507,0.9397658345584405,DecisionTreeClassifier(class_weight='balanced'),gini,4.0,best,0.8699999999999999,0.8605012175596134,0.913100423016348,0.8692004027140229
3,"LogisticRegression(class_weight='balanced', max_iter=5000, n_jobs=-1)",1e-05,l1,saga,0.5016,0.1966,0.5,0.26362716064033886,balanced,gini,6.0,1024.0,-1.0,0.9410000000000001,0.946700577199888,0.9889796640968468,0.9395915700880735,DecisionTreeClassifier(class_weight='balanced'),gini,6.0,best,0.8644000000000002,0.8552810987330016,0.9234298158586354,0.8635123333053659
4,"LogisticRegression(class_weight='balanced', max_iter=5000, n_jobs=-1)",0.0001,l1,saga,0.502,0.1968,0.5,0.2638069705093834,balanced,gini,8.0,1024.0,-1.0,0.9419999999999998,0.9449580493694484,0.9885035391070446,0.9407936603689523,DecisionTreeClassifier(class_weight='balanced'),gini,8.0,best,0.8533999999999999,0.8446439208395873,0.9215277978347425,0.8524881353974857
5,"LogisticRegression(class_weight='balanced', max_iter=5000, n_jobs=-1)",0.001,l1,saga,0.502,0.1968,0.5,0.2638069705093834,balanced,gini,12.0,1024.0,-1.0,0.9418,0.9439229266069736,0.9871043311176667,0.940664345176964,DecisionTreeClassifier(class_weight='balanced'),gini,10.0,best,0.8516,0.8458701413944814,0.9236670308476536,0.8500013161725685
6,"LogisticRegression(class_weight='balanced', max_iter=5000, n_jobs=-1)",0.01,l1,saga,0.6918,0.6735668252293614,0.7764880171137039,0.697640182935906,balanced,gini,16.0,1024.0,-1.0,0.937,0.9412639666976041,0.9854350508607744,0.9356071726458453,DecisionTreeClassifier(class_weight='balanced'),gini,12.0,best,0.8524,0.8492563085784252,0.9250758133990832,0.8500996658512208
7,"LogisticRegression(class_weight='balanced', max_iter=5000, n_jobs=-1)",0.1,l1,saga,0.707,0.697424398934382,0.8035285495236517,0.705258986357587,balanced,entropy,1.0,1024.0,-1.0,0.9338000000000001,0.944661945279208,0.9872948040945946,0.9317235929342275,DecisionTreeClassifier(class_weight='balanced'),gini,14.0,best,0.8453999999999999,0.8407270438675425,0.9246312724422001,0.8432091907069502
8,"LogisticRegression(class_weight='balanced', max_iter=5000, n_jobs=-1)",1.0,l1,saga,0.7123999999999999,0.7012830313108777,0.8046560659208414,0.7119896610950309,balanced,entropy,2.0,1024.0,-1.0,0.9380000000000001,0.9470253089102464,0.9890485062355772,0.9362354265560517,DecisionTreeClassifier(class_weight='balanced'),gini,16.0,best,0.8416,0.8332077797526825,0.9236822619828484,0.8402271351673395
9,"LogisticRegression(class_weight='balanced', max_iter=5000, n_jobs=-1)",10.0,l1,saga,0.7106,0.6991361566301234,0.8047344880647802,0.7104907971857745,balanced,entropy,4.0,1024.0,-1.0,0.9404,0.9451501777874599,0.9892377517983071,0.939018390197863,DecisionTreeClassifier(class_weight='balanced'),entropy,1.0,best,0.8864000000000001,0.8843976821836532,0.8863897787973887,0.8846235377762515
10,"LogisticRegression(class_weight='balanced', max_iter=5000, n_jobs=-1)",100.0,l1,saga,0.7106,0.6991361566301234,0.8047464914097245,0.7104907971857745,balanced,entropy,6.0,1024.0,-1.0,0.943,0.9457136752756228,0.9892485574759036,0.9417849348350563,DecisionTreeClassifier(class_weight='balanced'),entropy,2.0,best,0.8789999999999999,0.8676104911956134,0.8972971242090285,0.8785790287897596
11,"LogisticRegression(class_weight='balanced', max_iter=5000, n_jobs=-1)",1000.0,l1,saga,0.7106,0.6991361566301234,0.8047456914225984,0.7104907971857745,balanced,entropy,8.0,1024.0,-1.0,0.9418,0.9445680585536932,0.9889144640302163,0.9405975656186903,DecisionTreeClassifier(class_weight='balanced'),entropy,4.0,best,0.8737999999999999,0.8609932695302319,0.9188124493098199,0.8736233440522698
12,"LogisticRegression(class_weight='balanced', max_iter=5000, n_jobs=-1)",10000.0,l1,saga,0.7106,0.6991361566301234,0.8047480920915874,0.7104907971857745,balanced,entropy,12.0,1024.0,-1.0,0.9414,0.9412859738901206,0.9882130629493664,0.9404088260003298,DecisionTreeClassifier(class_weight='balanced'),entropy,6.0,best,0.868,0.8579471107495747,0.9269444194532049,0.8672948420401964
13,"LogisticRegression(class_weight='balanced', max_iter=5000, n_jobs=-1)",,none,sag,0.7108,0.6993945354873505,0.8047416903439046,0.710627631924596,balanced,entropy,16.0,1024.0,-1.0,0.9406000000000001,0.9416174230480685,0.9869519083955304,0.9395491513863299,DecisionTreeClassifier(class_weight='balanced'),entropy,8.0,best,0.8633999999999998,0.8559307281221568,0.9304021765247062,0.8622206044925399
14,"LogisticRegression(class_weight='balanced', max_iter=5000, n_jobs=-1)",,none,saga,0.7106,0.6991361566301234,0.8047488924597346,0.7104907971857745,,,,,,,,,,DecisionTreeClassifier(class_weight='balanced'),entropy,10.0,best,0.8581999999999999,0.8518200449715072,0.9294026977483167,0.856573946606016
15,"LogisticRegression(class_weight='balanced', max_iter=5000, n_jobs=-1)",1e-08,l2,sag,0.4984,0.29500000000000004,0.7482304238534108,0.39553064589503056,,,,,,,,,,DecisionTreeClassifier(class_weight='balanced'),entropy,12.0,best,0.8524,0.8480089081222291,0.9277097031566772,0.8502872330917308
16,"LogisticRegression(class_weight='balanced', max_iter=5000, n_jobs=-1)",1e-08,l2,saga,0.5052,0.0984,0.748224822365012,0.1319034852546917,,,,,,,,,,DecisionTreeClassifier(class_weight='balanced'),entropy,14.0,best,0.8544,0.8520056800382623,0.927341232853664,0.8519234854338288
17,"LogisticRegression(class_weight='balanced', max_iter=5000, n_jobs=-1)",1e-07,l2,sag,0.5923999999999999,0.6858162061041814,0.7482408270063765,0.5320925660803157,,,,,,,,,,DecisionTreeClassifier(class_weight='balanced'),entropy,16.0,best,0.8502000000000001,0.8491875697017429,0.9260257119974818,0.8472754088333639
18,"LogisticRegression(class_weight='balanced', max_iter=5000, n_jobs=-1)",1e-07,l2,saga,0.512,0.47835540144864924,0.748236825274504,0.432019629770571,,,,,,,,,,,,,,,,,
19,"LogisticRegression(class_weight='balanced', max_iter=5000, n_jobs=-1)",1e-06,l2,sag,0.6614,0.6528008876940665,0.7482992426682152,0.6610355220270728,,,,,,,,,,,,,,,,,
20,"LogisticRegression(class_weight='balanced', max_iter=5000, n_jobs=-1)",1e-06,l2,saga,0.6656,0.6509196366525665,0.7483016433372041,0.669569942469437,,,,,,,,,,,,,,,,,
21,"LogisticRegression(class_weight='balanced', max_iter=5000, n_jobs=-1)",1e-05,l2,sag,0.6672,0.651947350353512,0.7489906369699633,0.6716200207251929,,,,,,,,,,,,,,,,,
22,"LogisticRegression(class_weight='balanced', max_iter=5000, n_jobs=-1)",1e-05,l2,saga,0.666,0.6511806318541825,0.7489954383623725,0.6700816944540275,,,,,,,,,,,,,,,,,
23,"LogisticRegression(class_weight='balanced', max_iter=5000, n_jobs=-1)",0.0001,l2,sag,0.6686,0.6529999977468964,0.754316136178586,0.6735121894805285,,,,,,,,,,,,,,,,,
24,"LogisticRegression(class_weight='balanced', max_iter=5000, n_jobs=-1)",0.0001,l2,saga,0.6684,0.6528468811181461,0.7543129353047446,0.6732516946469239,,,,,,,,,,,,,,,,,
25,"LogisticRegression(class_weight='balanced', max_iter=5000, n_jobs=-1)",0.001,l2,sag,0.6889999999999998,0.6754455076603063,0.7760351050046469,0.6909854297861674,,,,,,,,,,,,,,,,,
26,"LogisticRegression(class_weight='balanced', max_iter=5000, n_jobs=-1)",0.001,l2,saga,0.6889999999999998,0.6754455076603063,0.7760335044860789,0.6909854297861674,,,,,,,,,,,,,,,,,
27,"LogisticRegression(class_weight='balanced', max_iter=5000, n_jobs=-1)",0.01,l2,sag,0.7023999999999999,0.6924948606891238,0.7989520492418815,0.7008358198076916,,,,,,,,,,,,,,,,,
28,"LogisticRegression(class_weight='balanced', max_iter=5000, n_jobs=-1)",0.01,l2,saga,0.7023999999999999,0.6924948606891238,0.7989568507431539,0.7008358198076916,,,,,,,,,,,,,,,,,
29,"LogisticRegression(class_weight='balanced', max_iter=5000, n_jobs=-1)",0.1,l2,sag,0.7081999999999999,0.6978665102830309,0.8043863932386535,0.7070811448270247,,,,,,,,,,,,,,,,,
30,"LogisticRegression(class_weight='balanced', max_iter=5000, n_jobs=-1)",0.1,l2,saga,0.7081999999999999,0.6978665102830309,0.8043839925696645,0.7070811448270247,,,,,,,,,,,,,,,,,
31,"LogisticRegression(class_weight='balanced', max_iter=5000, n_jobs=-1)",1.0,l2,sag,0.7112,0.6998100502863849,0.804738489143474,0.7110303925595147,,,,,,,,,,,,,,,,,
32,"LogisticRegression(class_weight='balanced', max_iter=5000, n_jobs=-1)",1.0,l2,saga,0.7112,0.6998100502863849,0.8047384890890423,0.7110303925595147,,,,,,,,,,,,,,,,,
33,"LogisticRegression(class_weight='balanced', max_iter=5000, n_jobs=-1)",10.0,l2,sag,0.7104,0.6988575139155525,0.8047432906447465,0.710349079354504,,,,,,,,,,,,,,,,,
34,"LogisticRegression(class_weight='balanced', max_iter=5000, n_jobs=-1)",10.0,l2,saga,0.7104,0.6988575139155525,0.8047480920915874,0.710349079354504,,,,,,,,,,,,,,,,,
35,"LogisticRegression(class_weight='balanced', max_iter=5000, n_jobs=-1)",100.0,l2,sag,0.7106,0.6991361566301234,0.8047528935384282,0.7104907971857745,,,,,,,,,,,,,,,,,
36,"LogisticRegression(class_weight='balanced', max_iter=5000, n_jobs=-1)",100.0,l2,saga,0.7106,0.6991361566301234,0.8047464915185877,0.7104907971857745,,,,,,,,,,,,,,,,,
37,"LogisticRegression(class_weight='balanced', max_iter=5000, n_jobs=-1)",1000.0,l2,sag,0.7108,0.6993945354873505,0.8047488924597346,0.710627631924596,,,,,,,,,,,,,,,,,
38,"LogisticRegression(class_weight='balanced', max_iter=5000, n_jobs=-1)",1000.0,l2,saga,0.7106,0.6991361566301234,0.8047416905071995,0.7104907971857745,,,,,,,,,,,,,,,,,
39,"LogisticRegression(class_weight='balanced', max_iter=5000, n_jobs=-1)",10000.0,l2,sag,0.7108,0.6993945354873505,0.8047400898253366,0.710627631924596,,,,,,,,,,,,,,,,,
40,"LogisticRegression(class_weight='balanced', max_iter=5000, n_jobs=-1)",10000.0,l2,saga,0.7108,0.6993945354873505,0.8047496926101554,0.710627631924596,,,,,,,,,,,,,,,,,
0,"LogisticRegression(class_weight='balanced', max_iter=5000, n_jobs=-1)",1e-08,l1,saga,0.4968,0.39580000000000004,0.5,0.5295867975805115,balanced,gini,1.0,1024.0,-1.0,0.9354000000000001,0.9338935036936723,0.9863285179424472,0.9347960812584608,DecisionTreeClassifier(class_weight='balanced'),gini,1.0,best,0.868,0.8679660747967566,0.8679687292791944,0.8664374505913746
1,"LogisticRegression(class_weight='balanced', max_iter=5000, n_jobs=-1)",1e-07,l1,saga,0.4988,0.2968,0.5,0.3971453260086052,balanced,gini,2.0,1024.0,-1.0,0.9451999999999998,0.943242232933686,0.988624771084748,0.9447187449181221,DecisionTreeClassifier(class_weight='balanced'),gini,2.0,best,0.8592000000000001,0.8443795325133241,0.8831876613290621,0.860424553477291
2,"LogisticRegression(class_weight='balanced', max_iter=5000, n_jobs=-1)",1e-06,l1,saga,0.5012000000000001,0.198,0.5,0.26488294314381267,balanced,gini,4.0,1024.0,-1.0,0.9443999999999999,0.94354410459534,0.9894184572831513,0.9438294523082688,DecisionTreeClassifier(class_weight='balanced'),gini,4.0,best,0.8577999999999999,0.8445682737292834,0.906226185283552,0.8587579789366149
3,"LogisticRegression(class_weight='balanced', max_iter=5000, n_jobs=-1)",1e-05,l1,saga,0.5032,0.099,0.5,0.13244147157190633,balanced,gini,6.0,1024.0,-1.0,0.9453999999999999,0.9450965986394557,0.9894448564201606,0.9448120667650717,DecisionTreeClassifier(class_weight='balanced'),gini,6.0,best,0.8480000000000001,0.841494326939953,0.9106654843622014,0.8474652551940401
4,"LogisticRegression(class_weight='balanced', max_iter=5000, n_jobs=-1)",0.0001,l1,saga,0.4992,0.297,0.5,0.397324414715719,balanced,gini,8.0,1024.0,-1.0,0.9446,0.9461467784738792,0.9890208105126653,0.9439123954751174,DecisionTreeClassifier(class_weight='balanced'),gini,8.0,best,0.8460000000000001,0.8424159538950005,0.9177902129413786,0.8449333874354803
5,"LogisticRegression(class_weight='balanced', max_iter=5000, n_jobs=-1)",0.001,l1,saga,0.49720000000000003,0.396,0.5,0.5297658862876253,balanced,gini,12.0,1024.0,-1.0,0.9438000000000001,0.9445578970977051,0.9883175338304822,0.9431456084909835,DecisionTreeClassifier(class_weight='balanced'),gini,10.0,best,0.8394,0.844438850486112,0.9192035281155295,0.836156624484788
6,"LogisticRegression(class_weight='balanced', max_iter=5000, n_jobs=-1)",0.01,l1,saga,0.6961999999999999,0.6772966989355916,0.7819389404703541,0.7059546375328216,balanced,gini,16.0,1024.0,-1.0,0.9406000000000001,0.9398730406027255,0.9873514350378885,0.9399984560874437,DecisionTreeClassifier(class_weight='balanced'),gini,12.0,best,0.8422000000000001,0.843769421795483,0.918874767269017,0.839892942632628
7,"LogisticRegression(class_weight='balanced', max_iter=5000, n_jobs=-1)",0.1,l1,saga,0.732,0.7239276055311256,0.8104273031774222,0.7322509392989233,balanced,entropy,1.0,1024.0,-1.0,0.9378,0.9359470923789374,0.9867305641143238,0.9372269380494982,DecisionTreeClassifier(class_weight='balanced'),gini,14.0,best,0.8266,0.8172451501101266,0.9128817321619506,0.8269381416425594
8,"LogisticRegression(class_weight='balanced', max_iter=5000, n_jobs=-1)",1.0,l1,saga,0.732,0.7257381354447043,0.8116562456104791,0.7312041478311996,balanced,entropy,2.0,1024.0,-1.0,0.9437999999999999,0.942391449594807,0.9889127999932541,0.9432744547978696,DecisionTreeClassifier(class_weight='balanced'),gini,16.0,best,0.8244,0.8169763298657451,0.9137977851472879,0.8242691177655553
9,"LogisticRegression(class_weight='balanced', max_iter=5000, n_jobs=-1)",10.0,l1,saga,0.7326,0.7261018494122526,0.8117674583863949,0.7319898614472112,balanced,entropy,4.0,1024.0,-1.0,0.9442,0.9431408963965797,0.9896228806827171,0.943641291166325,DecisionTreeClassifier(class_weight='balanced'),entropy,1.0,best,0.873,0.8719496635021505,0.8729889383939275,0.8716350216760258
10,"LogisticRegression(class_weight='balanced', max_iter=5000, n_jobs=-1)",100.0,l1,saga,0.7327999999999999,0.7262138756674201,0.811770658706427,0.732245538297401,balanced,entropy,6.0,1024.0,-1.0,0.9471999999999999,0.9457188004159598,0.9895992794667603,0.9467140137007515,DecisionTreeClassifier(class_weight='balanced'),entropy,2.0,best,0.8654,0.8480511440417049,0.8835277489903541,0.8671294380458754
11,"LogisticRegression(class_weight='balanced', max_iter=5000, n_jobs=-1)",1000.0,l1,saga,0.7327999999999999,0.7262138756674201,0.8117626578711382,0.732245538297401,balanced,entropy,8.0,1024.0,-1.0,0.9452,0.9455108130641371,0.9895096663336462,0.9445807398125489,DecisionTreeClassifier(class_weight='balanced'),entropy,4.0,best,0.865,0.856095083504691,0.9100334542343514,0.8649901101367146
12,"LogisticRegression(class_weight='balanced', max_iter=5000, n_jobs=-1)",10000.0,l1,saga,0.7327999999999999,0.7262138756674201,0.8117674583511862,0.732245538297401,balanced,entropy,12.0,1024.0,-1.0,0.9461999999999999,0.9467520840970444,0.9892120342116943,0.9456145562243435,DecisionTreeClassifier(class_weight='balanced'),entropy,6.0,best,0.8493999999999999,0.8498898379735417,0.9115328095210506,0.8474748643399007
13,"LogisticRegression(class_weight='balanced', max_iter=5000, n_jobs=-1)",,none,sag,0.7327999999999999,0.7262138756674201,0.811766658306387,0.732245538297401,balanced,entropy,16.0,1024.0,-1.0,0.9432,0.9448433584877401,0.9884815583653067,0.9424558997837205,DecisionTreeClassifier(class_weight='balanced'),entropy,8.0,best,0.8496,0.8503611410888763,0.9182523116948204,0.8475380131925364
14,"LogisticRegression(class_weight='balanced', max_iter=5000, n_jobs=-1)",,none,saga,0.7327999999999999,0.7262138756674201,0.8117690585464109,0.732245538297401,,,,,,,,,,DecisionTreeClassifier(class_weight='balanced'),entropy,10.0,best,0.8382,0.8406219825974037,0.9165785559369175,0.835466540740301
15,"LogisticRegression(class_weight='balanced', max_iter=5000, n_jobs=-1)",1e-08,l2,sag,0.49800000000000005,0.5958,0.7558764757306571,0.5343772167421882,,,,,,,,,,DecisionTreeClassifier(class_weight='balanced'),entropy,12.0,best,0.8443999999999999,0.8442284364086833,0.9171765875760258,0.8425413716544492
16,"LogisticRegression(class_weight='balanced', max_iter=5000, n_jobs=-1)",1e-08,l2,saga,0.5281999999999999,0.11354534746760896,0.7558812761402878,0.14345238095238097,,,,,,,,,,DecisionTreeClassifier(class_weight='balanced'),entropy,14.0,best,0.8408000000000001,0.8330805425718898,0.9171701847178205,0.8406189576777743
17,"LogisticRegression(class_weight='balanced', max_iter=5000, n_jobs=-1)",1e-07,l2,sag,0.6096,0.6016428540926603,0.7558956776860577,0.4301513904201128,,,,,,,,,,DecisionTreeClassifier(class_weight='balanced'),entropy,16.0,best,0.834,0.8281951010145473,0.915001509990816,0.8333608221043398
18,"LogisticRegression(class_weight='balanced', max_iter=5000, n_jobs=-1)",1e-07,l2,saga,0.5744,0.6315556338910934,0.7558836764155205,0.5953273429797565,,,,,,,,,,,,,,,,,
19,"LogisticRegression(class_weight='balanced', max_iter=5000, n_jobs=-1)",1e-06,l2,sag,0.6716000000000001,0.6470142381092059,0.7559276814145066,0.6938474828762542,,,,,,,,,,,,,,,,,
20,"LogisticRegression(class_weight='balanced', max_iter=5000, n_jobs=-1)",1e-06,l2,saga,0.6748000000000001,0.6549786075758087,0.7559388825346185,0.6878493454480314,,,,,,,,,,,,,,,,,
21,"LogisticRegression(class_weight='balanced', max_iter=5000, n_jobs=-1)",1e-05,l2,sag,0.6728000000000001,0.6528323311578192,0.7566541605753605,0.6861915512011956,,,,,,,,,,,,,,,,,
22,"LogisticRegression(class_weight='balanced', max_iter=5000, n_jobs=-1)",1e-05,l2,saga,0.6748,0.6549693471139151,0.7566541605049434,0.6878361356185135,,,,,,,,,,,,,,,,,
23,"LogisticRegression(class_weight='balanced', max_iter=5000, n_jobs=-1)",0.0001,l2,sag,0.6768000000000001,0.6571412857493032,0.7622371668957074,0.6894213638916007,,,,,,,,,,,,,,,,,
24,"LogisticRegression(class_weight='balanced', max_iter=5000, n_jobs=-1)",0.0001,l2,saga,0.6768000000000001,0.6570261808468808,0.7622379670813412,0.6895375431244718,,,,,,,,,,,,,,,,,
25,"LogisticRegression(class_weight='balanced', max_iter=5000, n_jobs=-1)",0.001,l2,sag,0.6893999999999999,0.6725455447064614,0.7836419001872021,0.6978046349079465,,,,,,,,,,,,,,,,,
26,"LogisticRegression(class_weight='balanced', max_iter=5000, n_jobs=-1)",0.001,l2,saga,0.6898000000000001,0.6730449656069816,0.7836451005424429,0.698072200012835,,,,,,,,,,,,,,,,,
27,"LogisticRegression(class_weight='balanced', max_iter=5000, n_jobs=-1)",0.01,l2,sag,0.7181999999999998,0.7098383450662679,0.8059475840912732,0.7187409057422519,,,,,,,,,,,,,,,,,
28,"LogisticRegression(class_weight='balanced', max_iter=5000, n_jobs=-1)",0.01,l2,saga,0.7181999999999998,0.7098383450662679,0.8059467840464738,0.7187409057422519,,,,,,,,,,,,,,,,,
29,"LogisticRegression(class_weight='balanced', max_iter=5000, n_jobs=-1)",0.1,l2,sag,0.7314,0.723987124178161,0.8112401946760421,0.7312914393893853,,,,,,,,,,,,,,,,,
30,"LogisticRegression(class_weight='balanced', max_iter=5000, n_jobs=-1)",0.1,l2,saga,0.7315999999999999,0.7241018499364512,0.8112393946664513,0.7315482091852333,,,,,,,,,,,,,,,,,
31,"LogisticRegression(class_weight='balanced', max_iter=5000, n_jobs=-1)",1.0,l2,sag,0.7327999999999999,0.7265562979421605,0.8117402553140369,0.732024491782162,,,,,,,,,,,,,,,,,
32,"LogisticRegression(class_weight='balanced', max_iter=5000, n_jobs=-1)",1.0,l2,saga,0.7327999999999999,0.7265562979421605,0.8117354547635717,0.732024491782162,,,,,,,,,,,,,,,,,
33,"LogisticRegression(class_weight='balanced', max_iter=5000, n_jobs=-1)",10.0,l2,sag,0.7327999999999999,0.7262138756674201,0.8117562571606571,0.732245538297401,,,,,,,,,,,,,,,,,
34,"LogisticRegression(class_weight='balanced', max_iter=5000, n_jobs=-1)",10.0,l2,saga,0.7327999999999999,0.7262138756674201,0.8117570573814994,0.732245538297401,,,,,,,,,,,,,,,,,
35,"LogisticRegression(class_weight='balanced', max_iter=5000, n_jobs=-1)",100.0,l2,sag,0.7327999999999999,0.7262138756674201,0.811770658706427,0.732245538297401,,,,,,,,,,,,,,,,,
36,"LogisticRegression(class_weight='balanced', max_iter=5000, n_jobs=-1)",100.0,l2,saga,0.7327999999999999,0.7262138756674201,0.8117722588664428,0.732245538297401,,,,,,,,,,,,,,,,,
37,"LogisticRegression(class_weight='balanced', max_iter=5000, n_jobs=-1)",1000.0,l2,sag,0.733,0.7263240547083616,0.811769858626419,0.7325042977377874,,,,,,,,,,,,,,,,,
38,"LogisticRegression(class_weight='balanced', max_iter=5000, n_jobs=-1)",1000.0,l2,saga,0.7327999999999999,0.7262138756674201,0.8117674583511862,0.732245538297401,,,,,,,,,,,,,,,,,
39,"LogisticRegression(class_weight='balanced', max_iter=5000, n_jobs=-1)",10000.0,l2,sag,0.7327999999999999,0.7262138756674201,0.8117722588664428,0.732245538297401,,,,,,,,,,,,,,,,,
40,"LogisticRegression(class_weight='balanced', max_iter=5000, n_jobs=-1)",10000.0,l2,saga,0.7327999999999999,0.7262138756674201,0.8117650581111622,0.732245538297401,,,,,,,,,,,,,,,,,
0,"LogisticRegression(class_weight='balanced', max_iter=5000, n_jobs=-1)",1e-08,l1,saga,0.5006,0.3014,0.5,0.40124243302121904,balanced,gini,1.0,1024.0,-1.0,0.9292,0.9332309206398414,0.9846424807410445,0.9292712702508027,DecisionTreeClassifier(class_weight='balanced'),gini,1.0,best,0.8751999999999999,0.8760401891572773,0.8751946389259121,0.8758122326604456
1,"LogisticRegression(class_weight='balanced', max_iter=5000, n_jobs=-1)",1e-07,l1,saga,0.4997999999999999,0.20099999999999998,0.5,0.2675540175751471,balanced,gini,2.0,1024.0,-1.0,0.9366,0.939085757608006,0.9869205281741988,0.9368714146506006,DecisionTreeClassifier(class_weight='balanced'),gini,2.0,best,0.8785999999999999,0.9014451561358439,0.8961182646591983,0.875782634920023
2,"LogisticRegression(class_weight='balanced', max_iter=5000, n_jobs=-1)",1e-06,l1,saga,0.5006,0.3014,0.5,0.40124243302121904,balanced,gini,4.0,1024.0,-1.0,0.9384,0.9398862726263282,0.9872221340639313,0.9387046341351455,DecisionTreeClassifier(class_weight='balanced'),gini,4.0,best,0.8619999999999999,0.866877829068993,0.9076244740794603,0.8619979258221683
3,"LogisticRegression(class_weight='balanced', max_iter=5000, n_jobs=-1)",1e-05,l1,saga,0.5006,0.3014,0.5,0.40124243302121904,balanced,gini,6.0,1024.0,-1.0,0.938,0.9406323111162912,0.9867225254861731,0.9382211191607771,DecisionTreeClassifier(class_weight='balanced'),gini,6.0,best,0.8545999999999999,0.8632566832468929,0.9130473843828726,0.8536233087200141
4,"LogisticRegression(class_weight='balanced', max_iter=5000, n_jobs=-1)",0.0001,l1,saga,0.5002,0.3012,0.5,0.4010652463382157,balanced,gini,8.0,1024.0,-1.0,0.9348000000000001,0.9355104930536218,0.9862353143146729,0.9351159470722636,DecisionTreeClassifier(class_weight='balanced'),gini,8.0,best,0.8492000000000001,0.8622007447983406,0.9190371379170064,0.8473352758286463
5,"LogisticRegression(class_weight='balanced', max_iter=5000, n_jobs=-1)",0.001,l1,saga,0.5002,0.3012,0.5,0.4010652463382157,balanced,gini,12.0,1024.0,-1.0,0.9326000000000001,0.9334379577118014,0.9850604863330945,0.932933623863109,DecisionTreeClassifier(class_weight='balanced'),gini,10.0,best,0.8421999999999998,0.8503484913744235,0.9203623650088517,0.8413278036957225
6,"LogisticRegression(class_weight='balanced', max_iter=5000, n_jobs=-1)",0.01,l1,saga,0.693,0.6838639402898969,0.7874421091697101,0.7029466308883323,balanced,gini,16.0,1024.0,-1.0,0.9301999999999999,0.9322072024213925,0.9837524534681389,0.9304836263214197,DecisionTreeClassifier(class_weight='balanced'),gini,12.0,best,0.8371999999999999,0.8463680438579052,0.9179047282067536,0.8359512869976797
7,"LogisticRegression(class_weight='balanced', max_iter=5000, n_jobs=-1)",0.1,l1,saga,0.7282,0.7261234625574945,0.8173075144607829,0.731593632167112,balanced,entropy,1.0,1024.0,-1.0,0.9298,0.932325535363048,0.9850644902452956,0.9300026934639977,DecisionTreeClassifier(class_weight='balanced'),gini,14.0,best,0.8343999999999999,0.8469854417468564,0.9185623484170258,0.8322938943653213
8,"LogisticRegression(class_weight='balanced', max_iter=5000, n_jobs=-1)",1.0,l1,saga,0.7287999999999999,0.7263959672216042,0.818625943779948,0.7323744776971661,balanced,entropy,2.0,1024.0,-1.0,0.9354000000000001,0.9368148867538618,0.986978928572586,0.9357560678524084,DecisionTreeClassifier(class_weight='balanced'),gini,16.0,best,0.8331999999999999,0.8439443889636659,0.9174934862816103,0.8316465692501629
9,"LogisticRegression(class_weight='balanced', max_iter=5000, n_jobs=-1)",10.0,l1,saga,0.7298,0.7274441441981783,0.8187243462344188,0.7333234134692923,balanced,entropy,4.0,1024.0,-1.0,0.9374,0.9402735660106968,0.987352137112015,0.9376352927501694,DecisionTreeClassifier(class_weight='balanced'),entropy,1.0,best,0.8772,0.8750424974988199,0.8771807228251308,0.8782901977585121
10,"LogisticRegression(class_weight='balanced', max_iter=5000, n_jobs=-1)",100.0,l1,saga,0.7303999999999999,0.7279067793837969,0.8187235464456304,0.7339572888629369,balanced,entropy,6.0,1024.0,-1.0,0.9354000000000001,0.938846329129061,0.986724126327816,0.9355454946092753,DecisionTreeClassifier(class_weight='balanced'),entropy,2.0,best,0.8762000000000001,0.885669648719665,0.8933178564139823,0.8753586843242556
11,"LogisticRegression(class_weight='balanced', max_iter=5000, n_jobs=-1)",1000.0,l1,saga,0.7303999999999999,0.7279067793837969,0.8187267464648296,0.7339572888629369,balanced,entropy,8.0,1024.0,-1.0,0.9376000000000001,0.9410666529253472,0.986644122959687,0.9377364525456615,DecisionTreeClassifier(class_weight='balanced'),entropy,4.0,best,0.8704000000000001,0.8811294275480709,0.9107277819344815,0.8692666312976124
12,"LogisticRegression(class_weight='balanced', max_iter=5000, n_jobs=-1)",10000.0,l1,saga,0.7303999999999999,0.7279067793837969,0.8187275464776297,0.7339572888629369,balanced,entropy,12.0,1024.0,-1.0,0.9359999999999999,0.9397929399971451,0.9857933050264445,0.9361035533451109,DecisionTreeClassifier(class_weight='balanced'),entropy,6.0,best,0.8643999999999998,0.8763158199199463,0.9205059588820506,0.86296892535098
13,"LogisticRegression(class_weight='balanced', max_iter=5000, n_jobs=-1)",,none,sag,0.7303999999999999,0.7279067793837969,0.8187227463688268,0.7339572888629369,balanced,entropy,16.0,1024.0,-1.0,0.9328,0.935498676582605,0.9846044776289045,0.9329824134129705,DecisionTreeClassifier(class_weight='balanced'),entropy,8.0,best,0.8548,0.86634275218432,0.9254928896827795,0.8534302520174837
14,"LogisticRegression(class_weight='balanced', max_iter=5000, n_jobs=-1)",,none,saga,0.7303999999999999,0.7279067793837969,0.8187235464296296,0.7339572888629369,,,,,,,,,,DecisionTreeClassifier(class_weight='balanced'),entropy,10.0,best,0.8463999999999998,0.8564368813000323,0.925393696167974,0.8450975378135592
15,"LogisticRegression(class_weight='balanced', max_iter=5000, n_jobs=-1)",1e-08,l2,sag,0.5006,0.3014,0.7627664343400322,0.40124243302121904,,,,,,,,,,DecisionTreeClassifier(class_weight='balanced'),entropy,12.0,best,0.8480000000000001,0.8555834217981186,0.9236092426558192,0.8472032354998325
16,"LogisticRegression(class_weight='balanced', max_iter=5000, n_jobs=-1)",1e-08,l2,saga,0.4997999999999999,0.20099999999999998,0.7627840346376376,0.2675540175751471,,,,,,,,,,DecisionTreeClassifier(class_weight='balanced'),entropy,14.0,best,0.8512000000000001,0.8597074996541686,0.9269045275095336,0.8503456678986726
17,"LogisticRegression(class_weight='balanced', max_iter=5000, n_jobs=-1)",1e-07,l2,sag,0.5618000000000001,0.6546792183779075,0.7627480340776293,0.5437298577720503,,,,,,,,,,DecisionTreeClassifier(class_weight='balanced'),entropy,16.0,best,0.8517999999999999,0.8567815278692571,0.9256985037569929,0.851608093591605
18,"LogisticRegression(class_weight='balanced', max_iter=5000, n_jobs=-1)",1e-07,l2,saga,0.5276,0.596771415170767,0.7627792345448355,0.3346162937119598,,,,,,,,,,,,,,,,,
19,"LogisticRegression(class_weight='balanced', max_iter=5000, n_jobs=-1)",1e-06,l2,sag,0.6779999999999999,0.6647511056954637,0.7628304355720594,0.6937004364789495,,,,,,,,,,,,,,,,,
20,"LogisticRegression(class_weight='balanced', max_iter=5000, n_jobs=-1)",1e-06,l2,saga,0.6734,0.6615840850451489,0.762834435684063,0.6882052776701529,,,,,,,,,,,,,,,,,
21,"LogisticRegression(class_weight='balanced', max_iter=5000, n_jobs=-1)",1e-05,l2,sag,0.675,0.6604494135804556,0.7634600478699364,0.6922201607967009,,,,,,,,,,,,,,,,,
22,"LogisticRegression(class_weight='balanced', max_iter=5000, n_jobs=-1)",1e-05,l2,saga,0.6736000000000001,0.6618551817997792,0.7634528477707352,0.6883310252605406,,,,,,,,,,,,,,,,,
23,"LogisticRegression(class_weight='balanced', max_iter=5000, n_jobs=-1)",0.0001,l2,sag,0.6798,0.6682467637447252,0.7686713488353847,0.693501294258528,,,,,,,,,,,,,,,,,
24,"LogisticRegression(class_weight='balanced', max_iter=5000, n_jobs=-1)",0.0001,l2,saga,0.6786000000000001,0.6675094884722247,0.7686809490529904,0.6919929787318398,,,,,,,,,,,,,,,,,
25,"LogisticRegression(class_weight='balanced', max_iter=5000, n_jobs=-1)",0.001,l2,sag,0.6958,0.6916102223274512,0.7905229780643181,0.7017450516512309,,,,,,,,,,,,,,,,,
26,"LogisticRegression(class_weight='balanced', max_iter=5000, n_jobs=-1)",0.001,l2,saga,0.6958,0.6916102223274512,0.7905229780483174,0.7017450516512309,,,,,,,,,,,,,,,,,
27,"LogisticRegression(class_weight='balanced', max_iter=5000, n_jobs=-1)",0.01,l2,sag,0.7178,0.7166655551899276,0.8130066265258875,0.7208742950135993,,,,,,,,,,,,,,,,,
28,"LogisticRegression(class_weight='balanced', max_iter=5000, n_jobs=-1)",0.01,l2,saga,0.7179999999999999,0.7169518186340859,0.813003426458686,0.7210149976827289,,,,,,,,,,,,,,,,,
29,"LogisticRegression(class_weight='balanced', max_iter=5000, n_jobs=-1)",0.1,l2,sag,0.7282,0.7257426717182462,0.8183467376645908,0.7318148614488865,,,,,,,,,,,,,,,,,
30,"LogisticRegression(class_weight='balanced', max_iter=5000, n_jobs=-1)",0.1,l2,saga,0.7282,0.7257426717182462,0.8183443376261902,0.7318148614488865,,,,,,,,,,,,,,,,,
31,"LogisticRegression(class_weight='balanced', max_iter=5000, n_jobs=-1)",1.0,l2,sag,0.7295999999999999,0.7273288515062202,0.8186579448359848,0.7330623600636482,,,,,,,,,,,,,,,,,
32,"LogisticRegression(class_weight='balanced', max_iter=5000, n_jobs=-1)",1.0,l2,saga,0.7295999999999999,0.7273288515062202,0.8186571448071834,0.7330623600636482,,,,,,,,,,,,,,,,,
33,"LogisticRegression(class_weight='balanced', max_iter=5000, n_jobs=-1)",10.0,l2,sag,0.7303999999999999,0.7279067793837969,0.8187179462920255,0.7339572888629369,,,,,,,,,,,,,,,,,
34,"LogisticRegression(class_weight='balanced', max_iter=5000, n_jobs=-1)",10.0,l2,saga,0.7303999999999999,0.7279067793837969,0.8187211463432265,0.7339572888629369,,,,,,,,,,,,,,,,,
35,"LogisticRegression(class_weight='balanced', max_iter=5000, n_jobs=-1)",100.0,l2,sag,0.7303999999999999,0.7279067793837969,0.8187187463048259,0.7339572888629369,,,,,,,,,,,,,,,,,
36,"LogisticRegression(class_weight='balanced', max_iter=5000, n_jobs=-1)",100.0,l2,saga,0.7303999999999999,0.7279067793837969,0.8187275465096315,0.7339572888629369,,,,,,,,,,,,,,,,,
37,"LogisticRegression(class_weight='balanced', max_iter=5000, n_jobs=-1)",1000.0,l2,sag,0.7303999999999999,0.7279067793837969,0.8187259464520293,0.7339572888629369,,,,,,,,,,,,,,,,,
38,"LogisticRegression(class_weight='balanced', max_iter=5000, n_jobs=-1)",1000.0,l2,saga,0.7303999999999999,0.7279067793837969,0.8187211463592273,0.7339572888629369,,,,,,,,,,,,,,,,,
39,"LogisticRegression(class_weight='balanced', max_iter=5000, n_jobs=-1)",10000.0,l2,sag,0.7303999999999999,0.7279067793837969,0.8187227464008284,0.7339572888629369,,,,,,,,,,,,,,,,,
40,"LogisticRegression(class_weight='balanced', max_iter=5000, n_jobs=-1)",10000.0,l2,saga,0.7303999999999999,0.7279067793837969,0.8187203463784287,0.7339572888629369,,,,,,,,,,,,,,,,,
0,"LogisticRegression(class_weight='balanced', max_iter=5000, n_jobs=-1)",1e-08,l1,saga,0.5004000000000001,0.1984,0.5,0.26524064171122996,balanced,gini,1.0,1024.0,-1.0,0.9336,0.938097547754343,0.9855804403716599,0.9327163673819326,DecisionTreeClassifier(class_weight='balanced'),gini,1.0,best,0.8762000000000001,0.8804738612011178,0.8761482573766921,0.8744893414239462
1,"LogisticRegression(class_weight='balanced', max_iter=5000, n_jobs=-1)",1e-07,l1,saga,0.49960000000000004,0.298,0.5,0.39821818324706454,balanced,gini,2.0,1024.0,-1.0,0.9388,0.9427038557304801,0.9879141730979557,0.9380450502924408,DecisionTreeClassifier(class_weight='balanced'),gini,2.0,best,0.8728,0.862122522639331,0.8923551131353273,0.8736240964684179
2,"LogisticRegression(class_weight='balanced', max_iter=5000, n_jobs=-1)",1e-06,l1,saga,0.49879999999999997,0.2976,0.5,0.3978609625668449,balanced,gini,4.0,1024.0,-1.0,0.9396000000000001,0.9431727505664457,0.9882213890636443,0.9388840473675192,DecisionTreeClassifier(class_weight='balanced'),gini,4.0,best,0.8652000000000001,0.8604276117343653,0.9089156047991385,0.8650278312655664
3,"LogisticRegression(class_weight='balanced', max_iter=5000, n_jobs=-1)",1e-05,l1,saga,0.49800000000000005,0.3972,0.5,0.5308385041026795,balanced,gini,6.0,1024.0,-1.0,0.9408,0.9451618224188956,0.9879701778471015,0.9400710506803115,DecisionTreeClassifier(class_weight='balanced'),gini,6.0,best,0.8559999999999999,0.8494241186960891,0.9159920073990943,0.8560571794508028
4,"LogisticRegression(class_weight='balanced', max_iter=5000, n_jobs=-1)",0.0001,l1,saga,0.5008,0.1986,0.5,0.26541925205133976,balanced,gini,8.0,1024.0,-1.0,0.9390000000000001,0.9431340108609196,0.9871609385890402,0.9382560539386114,DecisionTreeClassifier(class_weight='balanced'),gini,8.0,best,0.8501999999999998,0.8403936333587122,0.9206046333438614,0.851055442971615
5,"LogisticRegression(class_weight='balanced', max_iter=5000, n_jobs=-1)",0.001,l1,saga,0.5008,0.1986,0.5,0.26541925205133976,balanced,gini,12.0,1024.0,-1.0,0.9334000000000001,0.9399776343625772,0.9856432621672948,0.9323994207258547,DecisionTreeClassifier(class_weight='balanced'),gini,10.0,best,0.8446,0.8360482024014801,0.919113030475011,0.8451403074778279
6,"LogisticRegression(class_weight='balanced', max_iter=5000, n_jobs=-1)",0.01,l1,saga,0.7006,0.6833420181062491,0.7880059343314676,0.7110802552871676,balanced,gini,16.0,1024.0,-1.0,0.9254000000000001,0.9325035783152329,0.983090340412201,0.9242194359394847,DecisionTreeClassifier(class_weight='balanced'),gini,12.0,best,0.8353999999999999,0.8307704165546698,0.9181649295423021,0.835093630871514
7,"LogisticRegression(class_weight='balanced', max_iter=5000, n_jobs=-1)",0.1,l1,saga,0.7278,0.7170733602970409,0.8132172795631037,0.73154241344194,balanced,entropy,1.0,1024.0,-1.0,0.9334,0.9391380194050555,0.9858076536700662,0.9324314804626702,DecisionTreeClassifier(class_weight='balanced'),gini,14.0,best,0.8311999999999999,0.8294209253171909,0.9162436332699018,0.8300943995733702
8,"LogisticRegression(class_weight='balanced', max_iter=5000, n_jobs=-1)",1.0,l1,saga,0.7304,0.7199008583366361,0.8143085382256559,0.7338029657813887,balanced,entropy,2.0,1024.0,-1.0,0.9388,0.9415872749510503,0.9881213813527034,0.9381085190600427,DecisionTreeClassifier(class_weight='balanced'),gini,16.0,best,0.8230000000000001,0.8235768175000746,0.913471049081871,0.8211912604409004
9,"LogisticRegression(class_weight='balanced', max_iter=5000, n_jobs=-1)",10.0,l1,saga,0.7302000000000001,0.7196033750588153,0.81438294218108,0.7336478433776426,balanced,entropy,4.0,1024.0,-1.0,0.9396000000000001,0.9417305228339619,0.9886002098472499,0.9389888129911365,DecisionTreeClassifier(class_weight='balanced'),entropy,1.0,best,0.8814,0.8764835937665311,0.8814327401807971,0.8811797480866611
10,"LogisticRegression(class_weight='balanced', max_iter=5000, n_jobs=-1)",100.0,l1,saga,0.7300000000000001,0.7193065027736313,0.8143933428467223,0.7335080892799393,balanced,entropy,6.0,1024.0,-1.0,0.9404,0.9418006744832402,0.9882433951986072,0.9398505327680471,DecisionTreeClassifier(class_weight='balanced'),entropy,2.0,best,0.8764,0.8593262261954739,0.8968006848470559,0.8783577370776353
11,"LogisticRegression(class_weight='balanced', max_iter=5000, n_jobs=-1)",1000.0,l1,saga,0.7300000000000001,0.7193065027736313,0.8143965430739378,0.7335080892799393,balanced,entropy,8.0,1024.0,-1.0,0.9406000000000001,0.9425844238614461,0.987804973456643,0.9400247120810763,DecisionTreeClassifier(class_weight='balanced'),entropy,4.0,best,0.868,0.8559383793633583,0.9092177601211743,0.8692219848803255
12,"LogisticRegression(class_weight='balanced', max_iter=5000, n_jobs=-1)",10000.0,l1,saga,0.7300000000000001,0.7193065027736313,0.8143989432275476,0.7335080892799393,balanced,entropy,12.0,1024.0,-1.0,0.9343999999999999,0.938608558509995,0.9859636798515249,0.9335778325323236,DecisionTreeClassifier(class_weight='balanced'),entropy,6.0,best,0.8618,0.8537299609152701,0.9189518347862137,0.8622479755256519
13,"LogisticRegression(class_weight='balanced', max_iter=5000, n_jobs=-1)",,none,sag,0.7300000000000001,0.7193065027736313,0.8143957430675389,0.7335080892799393,balanced,entropy,16.0,1024.0,-1.0,0.9301999999999999,0.931427228900489,0.9840115824590832,0.9295992740680333,DecisionTreeClassifier(class_weight='balanced'),entropy,8.0,best,0.8523999999999999,0.8427472977896728,0.9215251175677629,0.8531832264133465
14,"LogisticRegression(class_weight='balanced', max_iter=5000, n_jobs=-1)",,none,saga,0.7302000000000001,0.719583662992988,0.814394943038738,0.7336528720670465,,,,,,,,,,DecisionTreeClassifier(class_weight='balanced'),entropy,10.0,best,0.8446,0.8384982346376832,0.921761514014863,0.84455481002528
15,"LogisticRegression(class_weight='balanced', max_iter=5000, n_jobs=-1)",1e-08,l2,sag,0.502,0.0992,0.7626018319365591,0.13262032085561498,,,,,,,,,,DecisionTreeClassifier(class_weight='balanced'),entropy,12.0,best,0.8413999999999999,0.8342396776605392,0.9225535697914158,0.8417143286058248
16,"LogisticRegression(class_weight='balanced', max_iter=5000, n_jobs=-1)",1e-08,l2,saga,0.5368,0.2240418338108882,0.7625810306724806,0.2785275744118052,,,,,,,,,,DecisionTreeClassifier(class_weight='balanced'),entropy,14.0,best,0.8328000000000001,0.8263194288257122,0.9195914500950708,0.832992936985496
17,"LogisticRegression(class_weight='balanced', max_iter=5000, n_jobs=-1)",1e-07,l2,sag,0.5906,0.5784626656142772,0.7625594292003831,0.43955048746043984,,,,,,,,,,DecisionTreeClassifier(class_weight='balanced'),entropy,16.0,best,0.8276,0.8276995516272683,0.9145883434599344,0.826211789312303
18,"LogisticRegression(class_weight='balanced', max_iter=5000, n_jobs=-1)",1e-07,l2,saga,0.565,0.5998706008137609,0.7625914311589053,0.6216340128540756,,,,,,,,,,,,,,,,,
19,"LogisticRegression(class_weight='balanced', max_iter=5000, n_jobs=-1)",1e-06,l2,sag,0.6776,0.6922197636682567,0.7626746356103586,0.6601681202713074,,,,,,,,,,,,,,,,,
20,"LogisticRegression(class_weight='balanced', max_iter=5000, n_jobs=-1)",1e-06,l2,saga,0.6804,0.6605251760004881,0.7626650349735172,0.6948962082428866,,,,,,,,,,,,,,,,,
21,"LogisticRegression(class_weight='balanced', max_iter=5000, n_jobs=-1)",1e-05,l2,sag,0.6799999999999999,0.6588038464546757,0.7633722714555359,0.6960021448260745,,,,,,,,,,,,,,,,,
22,"LogisticRegression(class_weight='balanced', max_iter=5000, n_jobs=-1)",1e-05,l2,saga,0.6814000000000001,0.6613730417147581,0.7633682712443239,0.6959047685519479,,,,,,,,,,,,,,,,,
23,"LogisticRegression(class_weight='balanced', max_iter=5000, n_jobs=-1)",0.0001,l2,sag,0.6845999999999999,0.6649423822237853,0.768848560201393,0.6985788038750486,,,,,,,,,,,,,,,,,
24,"LogisticRegression(class_weight='balanced', max_iter=5000, n_jobs=-1)",0.0001,l2,saga,0.6843999999999999,0.6648063993917035,0.7688493601629874,0.6983266178551285,,,,,,,,,,,,,,,,,
25,"LogisticRegression(class_weight='balanced', max_iter=5000, n_jobs=-1)",0.001,l2,sag,0.7005999999999999,0.6865076131201745,0.7901584800242772,0.7083502128446142,,,,,,,,,,,,,,,,,
26,"LogisticRegression(class_weight='balanced', max_iter=5000, n_jobs=-1)",0.001,l2,saga,0.7005999999999999,0.6865076131201745,0.7901608801554848,0.7083502128446142,,,,,,,,,,,,,,,,,
27,"LogisticRegression(class_weight='balanced', max_iter=5000, n_jobs=-1)",0.01,l2,sag,0.7196,0.7092409091584988,0.8102715264057749,0.7235785736431691,,,,,,,,,,,,,,,,,
28,"LogisticRegression(class_weight='balanced', max_iter=5000, n_jobs=-1)",0.01,l2,saga,0.7196,0.7092409091584988,0.8102731265081815,0.7235785736431691,,,,,,,,,,,,,,,,,
29,"LogisticRegression(class_weight='balanced', max_iter=5000, n_jobs=-1)",0.1,l2,sag,0.732,0.7209319852913106,0.8141629309004588,0.7356977654502959,,,,,,,,,,,,,,,,,
30,"LogisticRegression(class_weight='balanced', max_iter=5000, n_jobs=-1)",0.1,l2,saga,0.732,0.7209319852913106,0.8141781318957232,0.7356977654502959,,,,,,,,,,,,,,,,,
31,"LogisticRegression(class_weight='balanced', max_iter=5000, n_jobs=-1)",1.0,l2,sag,0.73,0.7193176119626343,0.8143685413490299,0.7335016683568881,,,,,,,,,,,,,,,,,
32,"LogisticRegression(class_weight='balanced', max_iter=5000, n_jobs=-1)",1.0,l2,saga,0.73,0.7193176119626343,0.8143765418162581,0.7335016683568881,,,,,,,,,,,,,,,,,
33,"LogisticRegression(class_weight='balanced', max_iter=5000, n_jobs=-1)",10.0,l2,sag,0.7302000000000001,0.7196046033065989,0.8143965430067311,0.733656087934497,,,,,,,,,,,,,,,,,
34,"LogisticRegression(class_weight='balanced', max_iter=5000, n_jobs=-1)",10.0,l2,saga,0.7302000000000001,0.7196046033065989,0.814391742766718,0.733656087934497,,,,,,,,,,,,,,,,,
35,"LogisticRegression(class_weight='balanced', max_iter=5000, n_jobs=-1)",100.0,l2,sag,0.7300000000000001,0.7193065027736313,0.8143997432339465,0.7335080892799393,,,,,,,,,,,,,,,,,
36,"LogisticRegression(class_weight='balanced', max_iter=5000, n_jobs=-1)",100.0,l2,saga,0.7300000000000001,0.7193065027736313,0.8143989432275476,0.7335080892799393,,,,,,,,,,,,,,,,,
37,"LogisticRegression(class_weight='balanced', max_iter=5000, n_jobs=-1)",1000.0,l2,sag,0.7300000000000001,0.7193065027736313,0.8143965430291333,0.7335080892799393,,,,,,,,,,,,,,,,,
38,"LogisticRegression(class_weight='balanced', max_iter=5000, n_jobs=-1)",1000.0,l2,saga,0.7300000000000001,0.7193065027736313,0.8143997433011532,0.7335080892799393,,,,,,,,,,,,,,,,,
39,"LogisticRegression(class_weight='balanced', max_iter=5000, n_jobs=-1)",10000.0,l2,sag,0.7300000000000001,0.7193065027736313,0.8143997432787508,0.7335080892799393,,,,,,,,,,,,,,,,,
40,"LogisticRegression(class_weight='balanced', max_iter=5000, n_jobs=-1)",10000.0,l2,saga,0.7300000000000001,0.7193065027736313,0.8144013433811574,0.7335080892799393,,,,,,,,,,,,,,,,,
